Header Name;Price;Price per m2
Najtańsze w Gdyni, idealne dla inwestora;250 000 zł;14 970 zł/m²
Bezpośrednio | Blisko SKM |Piękne wnętrza| Gotowe;599 000 zł;11 093 zł/m²
Dwa pokoje po kapitalnym remoncie! - WITOMINO;459 995 zł;10 875 zł/m²
⏳ Dni otwarte z Rabatami❗18min do plaży❗Parking;428 035 zł;10 530 zł/m²
Nowe 2 pokoje + Parking 5k + 15min centrum;428 000 zł;10 439 zł/m²
2-pokojowe mieszkanie 40m2 + ogródek;Zapytaj o cenę;parter
❗ Umów się na Dni Otwarte➡️Dodatkowe Rabaty➡️Hala;512 969 zł;10 178 zł/m²
☎️Umów się na dni Otwarte z Dodatkowymi Rabatami‼️;403 799 zł;11 201 zł/m²
❗Nowe 3 pokoje + GARAŻ 5TYŚ + Dni OTWARTE ZOBACZ❗;501 000 zł;10 020 zł/m²
Inwestycyjne 2 pokoje✨Parking 5tyś ✨Plaża15min;372 000 zł;11 273 zł/m²
Przestronne 3 Pokoje Parter | Gdynia Witomino;599 000 zł;11 394 zł/m²
‼️3 pokoje + Garaż 5 tys.zl‼️ Dni Otwarte;501 846 zł;10 360 zł/m²
⭐Piekny Ogródek⭐ 2 pokoje ⭐ Dni Otwarte;427 100 zł;11 260 zł/m²
⭐ Miejsce Postojowe 5 tys.zl⭐2 pokoje_ dni Otwarte;375 447 zł;11 326 zł/m²
2-pokojowe mieszkanie 41m2 + ogródek Bez Prowizji;Zapytaj o cenę;parter
2-pokojowe mieszkanie 39m2 + balkon Bezpośrednio;548 580 zł;13 864 zł/m²
Ostatnie sztuki z Ogródkiem ❗Parking 5tyś ❗ZOBACZ;426 000 zł;11 211 zł/m²
❗Dodatkowy RABAT NA DNI OTWARTE + Garaż 5tyś ❗;500 000 zł;10 204 zł/m²
Mieszkanie 3-Pokojowe, Gdynia Chylonia;504 000 zł;12 000 zł/m²
Przestronne 2 Pokoje Blisko Skm Zamknięta Posesja;519 000 zł;11 763 zł/m²
Inwestycyjne 2 pokoje + 15Min Morze _ Parking 5k;375 000 zł;11 364 zł/m²
Słoneczne Ustawne 32,84 M2 Wzgórze Maksymiliana;499 000 zł;15 195 zł/m²
⭐Dodatkowe Rabaty na dni otwarte➡️ Umów wizytę☎️;501 805 zł;10 289 zł/m²
⭐Wielkie Rabaty na Dni otwarte⭐Promocja na Parking;428 025 zł;10 555 zł/m²
⭐Dodatkowe Rabaty na Dni Otwarte➡️umów wizytę;371 805 zł;11 270 zł/m²
‼️Nowe 2 pokoje Dni Otwarte‼️ bez podatku PCC;371 805 zł;11 267 zł/m²
Na Sprzedaż Trzypokojowe Mieszkanie 500 M Od Plaży;570 000 zł;9593 zł/m²
Przestronne 3 Pokoje/Spokojna Okolica/Dla Rodziny;589 000 zł;9276 zł/m²
2-pokojowe mieszkanie 45m2 + balkon Bezpośrednio;Zapytaj o cenę;5 piętro
2-pokojowe mieszkanie 38m2 + balkon;Zapytaj o cenę;2 piętro
WŁASNY OGRÓDEK ✅ Park 700 m ✅ Cena do 31.03!;426 065 zł;11 284 zł/m²
Najwyższe Rabaty, 0% Pcc 0% Prowizji;420 000 zł;11 621 zł/m²
Słoneczny Ogród ⭐nowe 3 pokoje ⭐garaż 5tyś;525 000 zł;10 294 zł/m²
Nowe 2 pokoje + Parking 5k + 15min centrum;428 000 zł;10 439 zł/m²
Mieszkanie Z Potencjałem Aranżacyjnym – 0% Prow;495 000 zł;10 532 zł/m²
Inwestycyjne 2 pokoje ⭐Parking 5tyś ⭐15min centrum;371 300 zł;11 252 zł/m²
⏳ Dni otwarte z Rabatami❗18min do plaży❗Parking;428 035 zł;10 530 zł/m²
